CRIM,ZN,INDUS,CHAS,NOX,RM,AGE,DIS,RAD,TAX,PRATIO,B,LSTAT
0.10574000000000001,0.0,27.74,0,0.609,5.983,98.8,1.8681,4,711.0,20.1,390.11,18.07
0.01432,100.0,1.32,0,0.411,6.816,40.5,8.3248,5,256.0,15.1,392.9,3.95
5.73116,0.0,18.1,0,0.532,7.061,77.0,3.4106,24,666.0,20.2,395.28,7.01
5.5810699999999995,0.0,18.1,0,0.713,6.436,87.9,2.3158,24,666.0,20.2,100.19,16.22
2.63548,0.0,9.9,0,0.544,4.973,37.8,2.5194,4,304.0,18.4,350.45,12.64
