mean radius,mean texture,mean perimeter,mean area,mean smoothness,mean compactness,mean concavity,mean concave points,mean symmetry,mean fractal dimension,radius error,texture error,perimeter error,area error,smoothness error,compactness error,concavity error,concave points error,symmetry error,fractal dimension error,worst radius,worst texture,worst perimeter,worst area,worst smoothness,worst compactness,worst concavity,worst concave points,worst symmetry,worst fractal dimension
17.99,10.38,122.8,1001.0,0.1184,0.2776,0.3001,0.1471,0.2419,0.07871,1.095,0.9053,8.589,153.4,0.006399,0.04904,0.05372999999999999,0.01587,0.03003,0.006193,25.38,17.33,184.6,2019.0,0.1622,0.6656,0.7119,0.2654,0.4601,0.1189
12.76,13.37,82.29,504.1,0.08794,0.07948,0.04052,0.025480000000000003,0.1601,0.0614,0.3265,0.6594,2.346,25.18,0.006494,0.02768,0.03137,0.01069,0.01731,0.004392,14.19,16.4,92.04,618.8,0.1194,0.2208,0.1769,0.08411,0.2564,0.08252999999999999
12.2,15.21,78.01,457.9,0.08673,0.06545,0.01994,0.016919999999999998,0.1638,0.06129,0.2575,0.8073,1.959,19.01,0.005403,0.014180000000000002,0.01051,0.005142,0.013330000000000002,0.002065,13.75,21.38,91.11,583.1,0.1256,0.1928,0.1167,0.055560000000000005,0.2661,0.07961
16.27,20.71,106.9,813.7,0.1169,0.1319,0.1478,0.08488,0.1948,0.06277,0.4375,1.232,3.27,44.41,0.006697,0.02083,0.03248,0.013919999999999998,0.015359999999999999,0.0027890000000000002,19.28,30.38,129.8,1121.0,0.159,0.2947,0.3597,0.1583,0.3103,0.08199999999999999
16.26,21.88,107.5,826.8,0.1165,0.1283,0.1799,0.07981,0.1869,0.06532,0.5706,1.4569999999999999,2.9610000000000003,57.72,0.01056,0.03756,0.05839,0.011859999999999999,0.04022,0.006187,17.73,25.21,113.7,975.2,0.1426,0.2116,0.3344,0.1047,0.2736,0.07952999999999999
16.03,15.51,105.8,793.2,0.09491000000000001,0.1371,0.1204,0.07041,0.1782,0.05976,0.3371,0.7476,2.6289999999999996,33.27,0.0058390000000000004,0.03245,0.03715,0.01459,0.014669999999999999,0.003121,18.76,21.98,124.3,1070.0,0.1435,0.4478,0.4956,0.1981,0.3019,0.09124


